{"reason":"benchmark-complete","id":"Sample Bls12_381::G1Projective elements","report_directory":"/home/achim/projects/substrate-arkworks-examples/target/criterion/reports/Sample Bls12_381__G1Projective elements","iteration_count":[5,10,15,20,25,30,35,40,45,50,55,60,65,70,75,80,85,90,95,100,105,110,115,120,125,130,135,140,145,150,155,160,165,170,175,180,185,190,195,200,205,210,215,220,225,230,235,240,245,250,255,260,265,270,275,280,285,290,295,300,305,310,315,320,325,330,335,340,345,350,355,360,365,370,375,380,385,390,395,400,405,410,415,420,425,430,435,440,445,450,455,460,465,470,475,480,485,490,495,500],"measured_values":[1148493.0,2095241.0,3041391.0,5051766.0,6068678.0,6513558.0,8357378.0,8727678.0,9700067.0,10779478.0,10983516.0,11522540.0,12600633.0,14184549.0,15085280.0,16607528.0,18154616.0,16793000.0,18781322.0,20782885.0,20457597.0,21707629.0,22086205.0,25118335.0,24192992.0,27145029.0,28479616.0,29133619.0,29547427.0,29119172.0,29519540.0,30996623.0,31418242.0,32591396.0,33527172.0,35745631.0,38671182.0,37791972.0,37319878.0,40562507.0,40138278.0,40659769.0,41198095.0,43417165.0,45144120.0,45893846.0,46279218.0,54281823.0,52438972.0,52925915.0,72557564.0,60415032.0,53378555.0,53370645.0,53051272.0,54936370.0,56201264.0,64796427.0,65278167.0,58955273.0,59918107.0,60069643.0,64313185.0,70122244.0,67156591.0,67247393.0,66386605.0,65541031.0,67775979.0,69641028.0,69953753.0,70234471.0,78888172.0,75384507.0,73854657.0,74379720.0,75391779.0,78638326.0,76892950.0,77726662.0,80089906.0,83688521.0,81543209.0,81725617.0,83664023.0,86967424.0,87209746.0,87350211.0,87575123.0,88472213.0,90054015.0,100937452.0,94643433.0,98866707.0,99646593.0,112026085.0,106474743.0,95520961.0,97738740.0,104996776.0],"unit":"ns","throughput":[],"typical":{"estimate":203532.88437830648,"lower_bound":200775.88117354005,"upper_bound":206625.36067344458,"unit":"ns"},"mean":{"estimate":204698.99784672318,"lower_bound":202004.33730472662,"upper_bound":207723.99465251504,"unit":"ns"},"median":{"estimate":199256.41329192548,"lower_bound":197452.0,"upper_bound":202759.4,"unit":"ns"},"median_abs_dev":{"estimate":7463.6738386020215,"lower_bound":5613.58097604294,"upper_bound":11401.512144749347,"unit":"ns"},"slope":{"estimate":203532.88437830648,"lower_bound":200775.88117354005,"upper_bound":206625.36067344458,"unit":"ns"},"change":{"mean":{"estimate":-0.1807016953935543,"lower_bound":-0.2283433453437303,"upper_bound":-0.1298787587698476,"unit":"%"},"median":{"estimate":-0.06533159500015284,"lower_bound":-0.10996882522297069,"upper_bound":-0.023120136318196278,"unit":"%"},"change":"Improved"}}
{"reason":"group-complete","group_name":"Sample Bls12_381::G1Projective elements","benchmarks":["Sample Bls12_381::G1Projective elements"],"report_directory":"/home/achim/projects/substrate-arkworks-examples/target/criterion/reports/Sample Bls12_381__G1Projective elements"}
